core.externalId,core.name,core.description,core.businessDescription,core.businessName,com.infa.odin.models.IICS.V2.calculationComplexity,com.infa.odin.models.IICS.V2.controlConditions,com.infa.odin.models.IICS.V2.expression,core.reference
production_replication_oracle_to_sqlserver_ns_rwd_trans_oracle_to_sqlserver_ns_rwd_trans__1__rwd_trans_date,RWD_TRANS_DATE,,,,,,,
production_replication_oracle_to_sqlserver_ns_rwd_trans_oracle_to_sqlserver_ns_rwd_trans__1__rwd_trans_id,RWD_TRANS_ID,,,,,,,
production_replication_oracle_to_sqlserver_ns_rwd_trans_oracle_to_sqlserver_ns_rwd_trans__1__rwd_points,RWD_POINTS,,,,,,,
production_replication_oracle_to_sqlserver_ns_rwd_trans_oracle_to_sqlserver_ns_rwd_trans__1__product_id,PRODUCT_ID,,,,,,,
production_replication_oracle_to_sqlserver_ns_rwd_trans_oracle_to_sqlserver_ns_rwd_trans__1__rwd_card_id,RWD_CARD_ID,,,,,,,
