Source,Target,Association
$resource,production,core.ResourceParentChild
production,production_replication,com.infa.odin.models.IICS.V2.ProjectToFolder
production_replication,production_replication_oracle_to_sqlserver_ns_rwd_trans,com.infa.odin.models.IICS.V2.FolderToTask
production_replication_oracle_to_sqlserver_ns_rwd_trans,production_replication_oracle_to_sqlserver_ns_rwd_trans_oracle_to_sqlserver_ns_rwd_trans__1_,com.infa.odin.models.IICS.V2.TaskToTaskInstance
production_replication_oracle_to_sqlserver_ns_rwd_trans_oracle_to_sqlserver_ns_rwd_trans__1_,production_replication_oracle_to_sqlserver_ns_rwd_trans_oracle_to_sqlserver_ns_rwd_trans__1__rwd_trans_date,com.infa.odin.models.IICS.V2.TaskInstanceToCalculation
production_replication_oracle_to_sqlserver_ns_rwd_trans_oracle_to_sqlserver_ns_rwd_trans__1_,production_replication_oracle_to_sqlserver_ns_rwd_trans_oracle_to_sqlserver_ns_rwd_trans__1__rwd_trans_id,com.infa.odin.models.IICS.V2.TaskInstanceToCalculation
production_replication_oracle_to_sqlserver_ns_rwd_trans_oracle_to_sqlserver_ns_rwd_trans__1_,production_replication_oracle_to_sqlserver_ns_rwd_trans_oracle_to_sqlserver_ns_rwd_trans__1__rwd_points,com.infa.odin.models.IICS.V2.TaskInstanceToCalculation
production_replication_oracle_to_sqlserver_ns_rwd_trans_oracle_to_sqlserver_ns_rwd_trans__1_,production_replication_oracle_to_sqlserver_ns_rwd_trans_oracle_to_sqlserver_ns_rwd_trans__1__product_id,com.infa.odin.models.IICS.V2.TaskInstanceToCalculation
production_replication_oracle_to_sqlserver_ns_rwd_trans_oracle_to_sqlserver_ns_rwd_trans__1_,production_replication_oracle_to_sqlserver_ns_rwd_trans_oracle_to_sqlserver_ns_rwd_trans__1__rwd_card_id,com.infa.odin.models.IICS.V2.TaskInstanceToCalculation
