core.externalId,core.name,core.description,core.businessDescription,core.businessName,com.infa.odin.models.IICS.V2.calculationComplexity,com.infa.odin.models.IICS.V2.controlConditions,com.infa.odin.models.IICS.V2.expression,core.reference
production_replication_oracle_to_sqlserver_oracle_to_sqlserver__1__rwd_state,RWD_STATE,,,,,,,
production_replication_oracle_to_sqlserver_oracle_to_sqlserver__1__user_password,USER_PASSWORD,,,,,,,
production_replication_oracle_to_sqlserver_oracle_to_sqlserver__1__user_name,USER_NAME,,,,,,,
production_replication_oracle_to_sqlserver_oracle_to_sqlserver__1__rwd_first_name,RWD_FIRST_NAME,,,,,,,
production_replication_oracle_to_sqlserver_oracle_to_sqlserver__1__rwd_address2,RWD_ADDRESS2,,,,,,,
production_replication_oracle_to_sqlserver_oracle_to_sqlserver__1__rwd_address1,RWD_ADDRESS1,,,,,,,
production_replication_oracle_to_sqlserver_oracle_to_sqlserver__1__rwd_card_exp_date,RWD_CARD_EXP_DATE,,,,,,,
production_replication_oracle_to_sqlserver_oracle_to_sqlserver__1__rwd_card_status,RWD_CARD_STATUS,,,,,,,
production_replication_oracle_to_sqlserver_oracle_to_sqlserver__1__rwd_gender,RWD_GENDER,,,,,,,
production_replication_oracle_to_sqlserver_oracle_to_sqlserver__1__rwd_reg_date,RWD_REG_DATE,,,,,,,
production_replication_oracle_to_sqlserver_oracle_to_sqlserver__1__rwd_birth_date,RWD_BIRTH_DATE,,,,,,,
production_replication_oracle_to_sqlserver_oracle_to_sqlserver__1__rwd_postcode,RWD_POSTCODE,,,,,,,
production_replication_oracle_to_sqlserver_oracle_to_sqlserver__1__point_balance,POINT_BALANCE,,,,,,,
production_replication_oracle_to_sqlserver_oracle_to_sqlserver__1__rwd_card_id,RWD_CARD_ID,,,,,,,
production_replication_oracle_to_sqlserver_oracle_to_sqlserver__1__rwd_city,RWD_CITY,,,,,,,
production_replication_oracle_to_sqlserver_oracle_to_sqlserver__1__rwd_last_name,RWD_LAST_NAME,,,,,,,
production_replication_oracle_to_sqlserver_oracle_to_sqlserver__1__rwd_user_id,RWD_USER_ID,,,,,,,
production_replication_oracle_to_sqlserver_oracle_to_sqlserver__1__rwd_phone_number,RWD_PHONE_NUMBER,,,,,,,
production_replication_oracle_to_sqlserver_oracle_to_sqlserver__1__rwd_email_id,RWD_EMAIL_ID,,,,,,,
