Source,Target,Association
$resource,production,core.ResourceParentChild
production,production_replication,com.infa.odin.models.IICS.V2.ProjectToFolder
production_replication,production_replication_oracle_to_sqlserver,com.infa.odin.models.IICS.V2.FolderToTask
production_replication_oracle_to_sqlserver,production_replication_oracle_to_sqlserver_oracle_to_sqlserver__1_,com.infa.odin.models.IICS.V2.TaskToTaskInstance
production_replication_oracle_to_sqlserver_oracle_to_sqlserver__1_,production_replication_oracle_to_sqlserver_oracle_to_sqlserver__1__rwd_state,com.infa.odin.models.IICS.V2.TaskInstanceToCalculation
production_replication_oracle_to_sqlserver_oracle_to_sqlserver__1_,production_replication_oracle_to_sqlserver_oracle_to_sqlserver__1__user_password,com.infa.odin.models.IICS.V2.TaskInstanceToCalculation
production_replication_oracle_to_sqlserver_oracle_to_sqlserver__1_,production_replication_oracle_to_sqlserver_oracle_to_sqlserver__1__user_name,com.infa.odin.models.IICS.V2.TaskInstanceToCalculation
production_replication_oracle_to_sqlserver_oracle_to_sqlserver__1_,production_replication_oracle_to_sqlserver_oracle_to_sqlserver__1__rwd_first_name,com.infa.odin.models.IICS.V2.TaskInstanceToCalculation
production_replication_oracle_to_sqlserver_oracle_to_sqlserver__1_,production_replication_oracle_to_sqlserver_oracle_to_sqlserver__1__rwd_address2,com.infa.odin.models.IICS.V2.TaskInstanceToCalculation
production_replication_oracle_to_sqlserver_oracle_to_sqlserver__1_,production_replication_oracle_to_sqlserver_oracle_to_sqlserver__1__rwd_address1,com.infa.odin.models.IICS.V2.TaskInstanceToCalculation
production_replication_oracle_to_sqlserver_oracle_to_sqlserver__1_,production_replication_oracle_to_sqlserver_oracle_to_sqlserver__1__rwd_card_exp_date,com.infa.odin.models.IICS.V2.TaskInstanceToCalculation
production_replication_oracle_to_sqlserver_oracle_to_sqlserver__1_,production_replication_oracle_to_sqlserver_oracle_to_sqlserver__1__rwd_card_status,com.infa.odin.models.IICS.V2.TaskInstanceToCalculation
production_replication_oracle_to_sqlserver_oracle_to_sqlserver__1_,production_replication_oracle_to_sqlserver_oracle_to_sqlserver__1__rwd_gender,com.infa.odin.models.IICS.V2.TaskInstanceToCalculation
production_replication_oracle_to_sqlserver_oracle_to_sqlserver__1_,production_replication_oracle_to_sqlserver_oracle_to_sqlserver__1__rwd_reg_date,com.infa.odin.models.IICS.V2.TaskInstanceToCalculation
production_replication_oracle_to_sqlserver_oracle_to_sqlserver__1_,production_replication_oracle_to_sqlserver_oracle_to_sqlserver__1__rwd_birth_date,com.infa.odin.models.IICS.V2.TaskInstanceToCalculation
production_replication_oracle_to_sqlserver_oracle_to_sqlserver__1_,production_replication_oracle_to_sqlserver_oracle_to_sqlserver__1__rwd_postcode,com.infa.odin.models.IICS.V2.TaskInstanceToCalculation
production_replication_oracle_to_sqlserver_oracle_to_sqlserver__1_,production_replication_oracle_to_sqlserver_oracle_to_sqlserver__1__point_balance,com.infa.odin.models.IICS.V2.TaskInstanceToCalculation
production_replication_oracle_to_sqlserver_oracle_to_sqlserver__1_,production_replication_oracle_to_sqlserver_oracle_to_sqlserver__1__rwd_card_id,com.infa.odin.models.IICS.V2.TaskInstanceToCalculation
production_replication_oracle_to_sqlserver_oracle_to_sqlserver__1_,production_replication_oracle_to_sqlserver_oracle_to_sqlserver__1__rwd_city,com.infa.odin.models.IICS.V2.TaskInstanceToCalculation
production_replication_oracle_to_sqlserver_oracle_to_sqlserver__1_,production_replication_oracle_to_sqlserver_oracle_to_sqlserver__1__rwd_last_name,com.infa.odin.models.IICS.V2.TaskInstanceToCalculation
production_replication_oracle_to_sqlserver_oracle_to_sqlserver__1_,production_replication_oracle_to_sqlserver_oracle_to_sqlserver__1__rwd_user_id,com.infa.odin.models.IICS.V2.TaskInstanceToCalculation
production_replication_oracle_to_sqlserver_oracle_to_sqlserver__1_,production_replication_oracle_to_sqlserver_oracle_to_sqlserver__1__rwd_phone_number,com.infa.odin.models.IICS.V2.TaskInstanceToCalculation
production_replication_oracle_to_sqlserver_oracle_to_sqlserver__1_,production_replication_oracle_to_sqlserver_oracle_to_sqlserver__1__rwd_email_id,com.infa.odin.models.IICS.V2.TaskInstanceToCalculation
